{"cameraMode":{"drawMode":0,"name":"Shaded","section":"Shading Mode"},"sceneLighting":false,"audioPlay":false,"sceneViewState":{"m_AlwaysRefresh":false,"showFog":true,"showSkybox":false,"showFlares":true,"showImageEffects":true,"showParticleSystems":true,"showVisualEffectGraphs":true,"m_FxEnabled":true},"in2DMode":false,"pivot":{"x":-0.915787935256958,"y":1.8227660655975342,"z":-0.46947383880615237},"rotation":{"x":0.003776326309889555,"y":-0.9941187500953674,"z":0.10556886345148087,"w":0.031644344329833987},"size":1.612370252609253,"orthographic":false}