{"cameraMode":{"drawMode":0,"name":"Shaded","section":"Shading Mode"},"sceneLighting":true,"audioPlay":false,"sceneViewState":{"m_AlwaysRefresh":false,"showFog":true,"showSkybox":true,"showFlares":true,"showImageEffects":true,"showParticleSystems":true,"showVisualEffectGraphs":true,"m_FxEnabled":true},"in2DMode":false,"pivot":{"x":23.652437210083009,"y":9.45327377319336,"z":-9.382720947265625},"rotation":{"x":-0.4736049473285675,"y":0.013430682942271233,"z":-0.007494050543755293,"w":-0.8808935880661011},"size":14.633853912353516,"orthographic":false}