{"cameraMode":{"drawMode":0,"name":"Shaded","section":"Shading Mode"},"sceneLighting":true,"audioPlay":false,"sceneViewState":{"m_AlwaysRefresh":false,"showFog":true,"showSkybox":true,"showFlares":true,"showImageEffects":true,"showParticleSystems":true,"showVisualEffectGraphs":true,"m_FxEnabled":true},"in2DMode":false,"pivot":{"x":5.088743209838867,"y":1.4451992511749268,"z":1.0127413272857667},"rotation":{"x":0.5217902064323425,"y":0.39254212379455569,"z":-0.29278936982154848,"w":0.6987013220787048},"size":3.868295907974243,"orthographic":false}