{"cameraMode":{"drawMode":0,"name":"Shaded","section":"Shading Mode"},"sceneLighting":false,"audioPlay":false,"sceneViewState":{"m_AlwaysRefresh":false,"showFog":true,"showSkybox":false,"showFlares":true,"showImageEffects":true,"showParticleSystems":true,"showVisualEffectGraphs":true,"m_FxEnabled":true},"in2DMode":false,"pivot":{"x":-25.313716888427736,"y":-0.05675935745239258,"z":21.879636764526368},"rotation":{"x":0.1901296228170395,"y":0.4305722713470459,"z":-0.09313167631626129,"w":0.8774730563163757},"size":1.5620238780975342,"orthographic":false}