{"cameraMode":{"drawMode":0,"name":"Shaded","section":"Shading Mode"},"sceneLighting":false,"audioPlay":false,"sceneViewState":{"m_AlwaysRefresh":false,"showFog":true,"showSkybox":false,"showFlares":true,"showImageEffects":true,"showParticleSystems":true,"showVisualEffectGraphs":true,"m_FxEnabled":true},"in2DMode":false,"pivot":{"x":-26.58342742919922,"y":0.7775067090988159,"z":19.521116256713868},"rotation":{"x":0.009249836206436158,"y":0.9886786341667175,"z":-0.13459078967571259,"w":0.06697052717208862},"size":1.8855361938476563,"orthographic":false}